{
  "Body": {
    "stkCallback": {
      "MerchantRequestID": "8350-54907831-1",
      "CheckoutRequestID": "ws_CO_25072023000743674723547186",
      "ResultCode": 1032,
      "ResultDesc": "Request cancelled by user"
    }
  }
}

{
  "Body": {
    "stkCallback": {
      "MerchantRequestID": "8350-54907831-1",
      "CheckoutRequestID": "ws_CO_25072023000743674723547186",
      "ResultCode": 1032,
      "ResultDesc": "Request cancelled by user"
    }
  }
}



{
  "Body": {
    "stkCallback": {
      "MerchantRequestID": "8352-54996773-1",
      "CheckoutRequestID": "ws_CO_25072023013319541723547186",
      "ResultCode": 0,
      "ResultDesc": "The service request is processed successfully.",
      "CallbackMetadata": {
        "Item": [
          {
            "Name": "Amount",
            "Value": 1.00
          },
          {
            "Name": "MpesaReceiptNumber",
            "Value": "RGP6CZDYG6"
          },
          {
            "Name": "Balance"
          },
          {
            "Name": "TransactionDate",
            "Value": 20230725013147
          },
          {
            "Name": "PhoneNumber",
            "Value": 254723547186
          }
        ]
      }
    }
  }
}




{"Body":{"stkCallback":{"MerchantRequestID":"83273-136654192-2","CheckoutRequestID":"ws_CO_25072023021649451723547186","ResultCode":1019,"ResultDesc":"Transaction has expired"}}}{"Body":{"stkCallback":{"MerchantRequestID":"10914-190156033-1","CheckoutRequestID":"ws_CO_25072023022016869768168060","ResultCode":1032,"ResultDesc":"Request cancelled by user"}}}{"Body":{"stkCallback":{"MerchantRequestID":"29613-122434793-1","CheckoutRequestID":"ws_CO_25072023023732693723547186","ResultCode":0,"ResultDesc":"The service request is processed successfully.","CallbackMetadata":{"Item":[{"Name":"Amount","Value":1.00},{"Name":"MpesaReceiptNumber","Value":"RGP2CZS6N8"},{"Name":"Balance"},{"Name":"TransactionDate","Value":20230725023555},{"Name":"PhoneNumber","Value":254723547186}]}}}}{"Body":{"stkCallback":{"MerchantRequestID":"20005-184254842-2","CheckoutRequestID":"ws_CO_25072023025841429723547186","ResultCode":0,"ResultDesc":"The service request is processed successfully.","CallbackMetadata":{"Item":[{"Name":"Amount","Value":1.00},{"Name":"MpesaReceiptNumber","Value":"RGP4CZVO4I"},{"Name":"Balance"},{"Name":"TransactionDate","Value":20230725025720},{"Name":"PhoneNumber","Value":254723547186}]}}}}{"Body":{"stkCallback":{"MerchantRequestID":"107682-4684768-1","CheckoutRequestID":"ws_CO_25072023033429138723547186","ResultCode":0,"ResultDesc":"The service request is processed successfully.","CallbackMetadata":{"Item":[{"Name":"Amount","Value":1.00},{"Name":"MpesaReceiptNumber","Value":"RGP8D02EEK"},{"Name":"Balance"},{"Name":"TransactionDate","Value":20230725033301},{"Name":"PhoneNumber","Value":254723547186}]}}}}{"Body":{"stkCallback":{"MerchantRequestID":"23524-69557933-1","CheckoutRequestID":"ws_CO_25072023040212001723547186","ResultCode":1019,"ResultDesc":"Transaction has expired"}}}{"Body":{"stkCallback":{"MerchantRequestID":"23513-69562456-2","CheckoutRequestID":"ws_CO_25072023040808556723547186","ResultCode":0,"ResultDesc":"The service request is processed successfully.","CallbackMetadata":{"Item":[{"Name":"Amount","Value":1.00},{"Name":"MpesaReceiptNumber","Value":"RGP6D083MA"},{"Name":"Balance"},{"Name":"TransactionDate","Value":20230725040636},{"Name":"PhoneNumber","Value":254723547186}]}}}}{"Body":{"stkCallback":{"MerchantRequestID":"107675-4709777-1","CheckoutRequestID":"ws_CO_25072023040906226723547186","ResultCode":1032,"ResultDesc":"Request cancelled by user"}}}{"Body":{"stkCallback":{"MerchantRequestID":"19998-184306596-1","CheckoutRequestID":"ws_CO_25072023041341412768168060","ResultCode":1032,"ResultDesc":"Request cancelled by user"}}}{"Body":{"stkCallback":{"MerchantRequestID":"36059-67722250-1","CheckoutRequestID":"ws_CO_30072023013630633768168060","ResultCode":0,"ResultDesc":"The service request is processed successfully.","CallbackMetadata":{"Item":[{"Name":"Amount","Value":3.00},{"Name":"MpesaReceiptNumber","Value":"RGU3RKQI4D"},{"Name":"Balance"},{"Name":"TransactionDate","Value":20230730013640},{"Name":"PhoneNumber","Value":254768168060}]}}}}{"Body":{"stkCallback":{"MerchantRequestID":"28691-19324737-1","CheckoutRequestID":"ws_CO_30072023014151866768168060","ResultCode":0,"ResultDesc":"The service request is processed successfully.","CallbackMetadata":{"Item":[{"Name":"Amount","Value":10.00},{"Name":"MpesaReceiptNumber","Value":"RGU3RKSEGD"},{"Name":"Balance"},{"Name":"TransactionDate","Value":20230730014159},{"Name":"PhoneNumber","Value":254768168060}]}}}}